check_id,service_id,input_type,baseline_state,failure_state,source_ref
chk_snowflake_contract_available,snowflake_platform,contract_status,HEALTHY,UNHEALTHY,snowflake/config/foundation.json
chk_snowflake_rbac_metadata,snowflake_platform,control_status,HEALTHY,DEGRADED,snowflake/roles/040_roles.sql
chk_snowflake_inventory_intact,snowflake_platform,evidence_integrity,HEALTHY,UNHEALTHY,snowflake/inventory/foundation.json
chk_snowflake_no_destructive_drift,snowflake_platform,drift_status,HEALTHY,UNHEALTHY,deployment/reference/drift_report.json
chk_dbt_parse_status,dbt_staging,job_status,HEALTHY,UNHEALTHY,dbt/dbt_project.yml
chk_dbt_contract_coverage,dbt_staging,contract_status,HEALTHY,DEGRADED,dbt/models
chk_dbt_freshness_metadata,dbt_staging,freshness,HEALTHY,DEGRADED,dbt/models/sources
chk_dbt_model_graph_integrity,dbt_staging,dependency_availability,HEALTHY,UNHEALTHY,dbt/models
chk_dbt_artifact_checksum,dbt_staging,evidence_integrity,HEALTHY,DEGRADED,dbt/target
chk_airflow_dag_import,airflow_orchestration,job_status,HEALTHY,UNHEALTHY,orchestration/airflow/dags
chk_airflow_task_dependencies,airflow_orchestration,dependency_availability,HEALTHY,DEGRADED,orchestration/airflow/dags
chk_airflow_connected_mode_disabled,airflow_orchestration,control_status,HEALTHY,UNHEALTHY,orchestration/README.md
chk_airflow_run_manifest,airflow_orchestration,evidence_integrity,HEALTHY,DEGRADED,docs/operations/orchestration-evidence.md
chk_airflow_failure_callback_metadata,airflow_orchestration,control_status,HEALTHY,DEGRADED,orchestration/airflow/include/callbacks.py
chk_dataiku_trusted_inputs,dataiku_analytics,contract_status,HEALTHY,UNHEALTHY,dataiku/projects/healthcare_analytics/datasets/trusted_inputs.yaml
chk_dataiku_model_approval,dataiku_analytics,control_status,HEALTHY,DEGRADED,dataiku/projects/healthcare_analytics/governance/approval_gates.yaml
chk_dataiku_feature_set_version,dataiku_analytics,contract_status,HEALTHY,DEGRADED,dataiku/projects/healthcare_analytics/features/billing_exception_features.yaml
chk_dataiku_model_card,dataiku_analytics,evidence_integrity,HEALTHY,DEGRADED,dataiku/projects/healthcare_analytics/models/model_card.md
chk_dataiku_prediction_contract,dataiku_analytics,contract_status,HEALTHY,UNHEALTHY,dataiku/contracts/prediction_output_contract.yaml
chk_feature_registry_valid,feature_store,contract_status,HEALTHY,UNHEALTHY,feature_store/registry
chk_feature_point_in_time_metadata,feature_store,contract_status,HEALTHY,DEGRADED,feature_store/contracts/historical_retrieval_contract.yaml
chk_feature_freshness_state,feature_store,freshness,HEALTHY,DEGRADED,feature_store/reference/outputs/validation_report.json
chk_feature_consumer_compatibility,feature_store,contract_status,HEALTHY,DEGRADED,feature_store/registry/consumers.yaml
chk_feature_retrieval_evidence,feature_store,evidence_integrity,HEALTHY,DEGRADED,feature_store/reference/outputs/checksums.sha256
chk_fabric_semantic_metadata,fabric_semantic_model,contract_status,HEALTHY,UNHEALTHY,powerbi/reference/semantic_model_manifest.json
chk_fabric_relationship_integrity,fabric_semantic_model,dependency_availability,HEALTHY,DEGRADED,powerbi/reference/relationship_catalogue.csv
chk_fabric_measure_kpi_integrity,fabric_semantic_model,contract_status,HEALTHY,DEGRADED,powerbi/reference/measure_catalogue.csv
chk_fabric_rls_ols_metadata,fabric_semantic_model,control_status,HEALTHY,DEGRADED,powerbi/reference/security_role_catalogue.csv
chk_powerbi_refresh_contract,powerbi_reports,freshness,HEALTHY,DEGRADED,powerbi/reference/refresh_catalogue.csv
chk_powerbi_report_specification,powerbi_reports,contract_status,HEALTHY,DEGRADED,powerbi/reference/report_catalogue.csv
chk_powerbi_security_metadata,powerbi_reports,control_status,HEALTHY,UNHEALTHY,powerbi/reference/security_role_catalogue.csv
chk_governance_registry_checksum,governance_registry,evidence_integrity,HEALTHY,UNHEALTHY,governance/reference/checksums.sha256
chk_governance_policy_resolution,governance_registry,control_status,HEALTHY,UNHEALTHY,governance/registry
chk_governance_sensitive_field_coverage,governance_registry,control_status,HEALTHY,DEGRADED,governance/reference/sensitive_field_coverage.csv
chk_core_contract_status,healthcare_core,contract_status,HEALTHY,UNHEALTHY,dbt/models/curated/core/entities/_schema.yml
chk_core_data_quality,healthcare_core,data_quality,HEALTHY,DEGRADED,dbt/models/curated/core/reconciliation
chk_core_freshness,healthcare_core,freshness,HEALTHY,DEGRADED,dbt/models/sources
chk_billing_reconciliation,billing_finance,data_quality,HEALTHY,UNHEALTHY,dbt/models/curated/finance/controls
chk_billing_quality_controls,billing_finance,control_status,HEALTHY,DEGRADED,dbt/seeds/assurance
chk_billing_freshness,billing_finance,freshness,HEALTHY,DEGRADED,dbt/models/sources/raw_finance.yml
chk_assurance_exception_inventory,assurance_controls,control_status,HEALTHY,DEGRADED,dbt/models/curated/assurance/exceptions
chk_assurance_evidence_checksum,assurance_controls,evidence_integrity,HEALTHY,UNHEALTHY,docs/operations/assurance-evidence-pack.md
chk_assurance_lifecycle_metadata,assurance_controls,control_status,HEALTHY,DEGRADED,dbt/seeds/assurance/assurance_lifecycle_transitions.csv
chk_release_manifest_integrity,cicd_controls,evidence_integrity,HEALTHY,UNHEALTHY,deployment/reference/release_manifest.json
chk_deployment_manifest_integrity,cicd_controls,evidence_integrity,HEALTHY,UNHEALTHY,deployment/reference/deployment_manifest_prod.json
chk_drift_report_status,cicd_controls,drift_status,HEALTHY,DEGRADED,deployment/reference/drift_report.json
chk_terraform_plan_metadata,terraform_delivery,contract_status,HEALTHY,DEGRADED,infrastructure/terraform
chk_rollback_reference,terraform_delivery,control_status,HEALTHY,DEGRADED,deployment/reference/rollback_plan.md
chk_recovery_registry_valid,recovery_evidence_service,recovery_readiness,HEALTHY,UNHEALTHY,recovery/registry/recovery_controls.yaml
chk_recovery_evidence_checksum,recovery_evidence_service,evidence_integrity,HEALTHY,UNHEALTHY,recovery/reference/checksums.sha256
chk_recovery_manifest_integrity,recovery_evidence_service,evidence_integrity,HEALTHY,DEGRADED,recovery/reference/recovery_manifest.json
